osm_id,code,fclass,name,type,coords,center,area
205884418,1500,building,N.Park Block A-B,residential,"[(100.3054878, 5.3505457), (100.3061134, 5.3504917), (100.3065428, 5.3504547), (100.3065357, 5.3503251), (100.3054931, 5.3503882), (100.3054878, 5.3505457)]","(100.30603455999999, 5.35044108)",1858.1624925336923
205884419,1500,building,N.Park Block C-D,residential,"[(100.3066131, 5.3503234), (100.3066236, 5.3504529), (100.3071741, 5.3503216), (100.3077102, 5.3501938), (100.3076557, 5.3500643), (100.3066131, 5.3503234)]","(100.30715534, 5.3502712)",1804.665974095479
273222920,1500,building,Resident's Clubhouse,residential,"[(100.2845465, 5.2841994), (100.2847356, 5.284232), (100.2847567, 5.2841646), (100.2848034, 5.2841599), (100.284808, 5.2840251), (100.2845652, 5.2840297), (100.2845465, 5.2841994)]","(100.28470256666667, 5.2841351166666675)",545.1626992943693
275618736,1500,building,,residential,"[(100.211164, 5.4594351), (100.2128083, 5.4596868), (100.2128349, 5.4595215), (100.2111907, 5.4592697), (100.211164, 5.4594351)]","(100.211999475, 5.459478275)",3436.5839563498184
293803068,1500,building,Rumah Kediaman Setiausaha Kerajaan Negeri,residential,"[(100.304473, 5.415016), (100.304473, 5.4151468), (100.30476, 5.4151308), (100.304752, 5.4150029), (100.3046072, 5.4150109), (100.3046044, 5.4149786), (100.3045534, 5.4149813), (100.3045474, 5.4150104), (100.304473, 5.415016)]","(100.30459630000001, 5.4150347125)",473.5051174460227
354331463,1500,building,,residential,"[(100.462081, 5.3608186), (100.4626664, 5.3611867), (100.4627712, 5.3610303), (100.4621858, 5.3606744), (100.462081, 5.3608186)]","(100.4624261, 5.3609275)",1553.6186599614057
354331464,1500,building,,residential,"[(100.462217, 5.3605986), (100.462408, 5.3607428), (100.4627315, 5.360341), (100.4625189, 5.3601845), (100.462217, 5.3605986)]","(100.46246885000001, 5.360466724999999)",1595.760161747653
354331472,1500,building,,residential,"[(100.4626086, 5.3606807), (100.4628017, 5.3608463), (100.4631343, 5.3604083), (100.4629331, 5.3602561), (100.4626086, 5.3606807)]","(100.462869425, 5.36054785)",1693.2119665012956
354331473,1500,building,,residential,"[(100.4628391, 5.3608566), (100.463018, 5.3609841), (100.4633493, 5.3605409), (100.4631623, 5.3604154), (100.4628391, 5.3608566)]","(100.46309217500001, 5.36069925)",1508.8871557294415
354331478,1500,building,,residential,"[(100.461801, 5.3606105), (100.462021, 5.360764), (100.4623388, 5.3602901), (100.4621336, 5.3601485), (100.4620803, 5.3602188), (100.461801, 5.3606105)]","(100.46207494000001, 5.360406380000001)",1827.1202567520218
354331975,1500,building,,residential,"[(100.4583059, 5.3656076), (100.4584722, 5.3656675), (100.4585678, 5.3654666), (100.4584014, 5.3654032), (100.4583059, 5.3656076)]","(100.45843682499999, 5.365536225)",488.5925095727426
369024077,1500,building,,residential,"[(100.4931651, 5.3322729), (100.4932844, 5.3325953), (100.4937231, 5.3324343), (100.4936519, 5.3322418), (100.4932965, 5.3323722), (100.4932697, 5.3322996), (100.493387, 5.3322566), (100.4933561, 5.3321731), (100.4932572, 5.3322094), (100.4932669, 5.3322356), (100.4931651, 5.3322729)]","(100.49336579, 5.33230908)",1465.740850734478
379240231,1500,building,,residential,"[(100.3170499, 5.365163), (100.3172415, 5.3651828), (100.3173482, 5.3641591), (100.3171566, 5.3641393), (100.3170499, 5.365163)]","(100.31719905, 5.3646610500000005)",2446.003048144356
379240232,1500,building,,residential,"[(100.3174161, 5.3651732), (100.3175455, 5.3651977), (100.3176071, 5.3642713), (100.3175702, 5.3635964), (100.3176934, 5.3626087), (100.3175579, 5.3625964), (100.3174469, 5.3635719), (100.3174901, 5.3642529), (100.3174161, 5.3651732)]","(100.31754090000001, 5.363908562499999)",4009.543449361803
379240239,1500,building,Grace Residence,residential,"[(100.3167633, 5.3899259), (100.3168473, 5.3900938), (100.3175745, 5.3897332), (100.3174905, 5.3895653), (100.3167633, 5.3899259)]","(100.3171689, 5.38982955)",1880.0383824911619
385949039,1500,building,,residential,"[(100.4014093, 5.4296011), (100.4014547, 5.4296012), (100.4014546, 5.4296487), (100.4015534, 5.4296542), (100.4015511, 5.4294353), (100.4014546, 5.4294351), (100.4014545, 5.4294953), (100.4014095, 5.4294952), (100.4014093, 5.4296011)]","(100.4014677125, 5.4295457625)",319.5240174408182
544484563,1500,building,,residential,"[(100.4477867, 5.3652873), (100.4478833, 5.3659656), (100.44824, 5.3659309), (100.4482185, 5.3653434), (100.4477867, 5.3652873)]","(100.448032125, 5.365631800000001)",3070.725161924783
544484564,1500,building,,residential,"[(100.448288, 5.3656708), (100.4483102, 5.3657753), (100.448409, 5.3657546), (100.4483869, 5.3656501), (100.448288, 5.3656708)]","(100.448348525, 5.3657127)",133.10348583979987
568690382,1500,building,Kompleks Kediaman Staff Pendidikan Permatang Nibong,residential,"[(100.4374561, 5.3896682), (100.437691, 5.3897633), (100.4377188, 5.3896955), (100.4374839, 5.3896003), (100.4374561, 5.3896682)]","(100.43758745000001, 5.389681825)",229.26464443554437
639456372,1500,building,,residential,"[(100.4621393, 5.3600875), (100.4623807, 5.360261), (100.4625779, 5.3599486), (100.4623392, 5.359795), (100.4622993, 5.3598466), (100.4621393, 5.3600875)]","(100.46234728, 5.35998774)",1304.775411306651
647449331,1500,building,,residential,"[(100.3171256, 5.3632085), (100.3172944, 5.3632456), (100.3173682, 5.3625702), (100.3171767, 5.3625504), (100.3171256, 5.3632085)]","(100.317241225, 5.362893675)",1503.8738222070394
647449333,1500,building,,residential,"[(100.3170993, 5.3640697), (100.3172909, 5.3640895), (100.3173362, 5.36347), (100.3171702, 5.3634315), (100.3170993, 5.3640697)]","(100.31722415, 5.363765175)",1408.1340590423224
696307098,1500,building,,residential,"[(100.3928305, 5.4358829), (100.3928726, 5.4358816), (100.392891, 5.4358652), (100.3928902, 5.4356606), (100.3928312, 5.4356603), (100.3928305, 5.4358829)]","(100.3928631, 5.43579012)",161.55985412783076
696307099,1500,building,,residential,"[(100.3927103, 5.4358793), (100.3927732, 5.4358812), (100.3927731, 5.4356593), (100.3927108, 5.4356593), (100.3927103, 5.4358793)]","(100.39274185, 5.435769775000001)",170.63153912170782
696307100,1500,building,,residential,"[(100.3927731, 5.4356593), (100.3927732, 5.4358812), (100.3928305, 5.4358829), (100.3928312, 5.4356603), (100.3927731, 5.4356593)]","(100.392802, 5.435770925)",158.20357789990283
696307101,1500,building,,residential,"[(100.3925899, 5.435657), (100.3925934, 5.4358773), (100.3926507, 5.435878), (100.3926499, 5.4356577), (100.3925899, 5.435657)]","(100.392620975, 5.4357675)",159.37380038567738
696307102,1500,building,,residential,"[(100.3926499, 5.4356577), (100.3926507, 5.435878), (100.3927103, 5.4358793), (100.3927108, 5.4356593), (100.3926499, 5.4356577)]","(100.39268042500001, 5.435768575)",163.62649363209675
696307103,1500,building,,residential,"[(100.3924698, 5.4356556), (100.3924702, 5.4358735), (100.39253, 5.4358746), (100.3925298, 5.4356563), (100.3924698, 5.4356556)]","(100.39249995, 5.435765)",161.16046772200968
696307104,1500,building,,residential,"[(100.3925298, 5.4356563), (100.39253, 5.4358746), (100.3925934, 5.4358773), (100.3925899, 5.435657), (100.3925298, 5.4356563)]","(100.392560775, 5.435766299999999)",167.01663349271175
696307105,1500,building,,residential,"[(100.3923488, 5.4358704), (100.3924092, 5.4358718), (100.3924097, 5.4356549), (100.3923496, 5.4356541), (100.3923488, 5.4358704)]","(100.39237932500001, 5.4357628)",160.99941791288464
696307106,1500,building,,residential,"[(100.3924092, 5.4358718), (100.3924702, 5.4358735), (100.3924698, 5.4356556), (100.3924097, 5.4356549), (100.3924092, 5.4358718)]","(100.392439725, 5.43576395)",162.3905206971546
696307107,1500,building,,residential,"[(100.392227, 5.4358653), (100.3922874, 5.4358664), (100.3922896, 5.4356534), (100.3922295, 5.4356527), (100.392227, 5.4358653)]","(100.392258375, 5.435759449999999)",158.19229313510837
696307108,1500,building,,residential,"[(100.3922874, 5.4358664), (100.3923488, 5.4358704), (100.3923496, 5.4356541), (100.3922896, 5.4356534), (100.3922874, 5.4358664)]","(100.39231885000001, 5.435761075)",160.77631631053399
696307109,1500,building,,residential,"[(100.3921048, 5.4358469), (100.3921236, 5.4358619), (100.3921669, 5.4358619), (100.3921695, 5.435652), (100.3921094, 5.4356512), (100.3921048, 5.4358469)]","(100.39213484, 5.43577478)",157.21717105972922
696307110,1500,building,,residential,"[(100.3921669, 5.4358619), (100.392227, 5.4358653), (100.3922295, 5.4356527), (100.3921695, 5.435652), (100.3921669, 5.4358619)]","(100.39219822499999, 5.4357579750000005)",156.55742503049004
696345644,1500,building,,residential,"[(100.4041126, 5.4293369), (100.4041218, 5.4293877), (100.4041559, 5.4293815), (100.4041736, 5.4294794), (100.4042297, 5.4294694), (100.4041891, 5.4292448), (100.4041272, 5.4292559), (100.4041409, 5.4293318), (100.4041126, 5.4293369)]","(100.40415635000001, 5.429360925)",188.12494008024655
696345645,1500,building,,residential,"[(100.4043604, 5.429188), (100.4043979, 5.4293739), (100.404366, 5.4293803), (100.4043714, 5.4294067), (100.4044842, 5.4293842), (100.4044414, 5.4291718), (100.4043604, 5.429188)]","(100.40440355, 5.429317483333334)",231.5239826250325
696345646,1500,building,,residential,"[(100.4032823, 5.4294947), (100.4032983, 5.4296019), (100.4033941, 5.4295878), (100.4033703, 5.4294281), (100.4033208, 5.4294354), (100.4033287, 5.4294878), (100.4032823, 5.4294947)]","(100.40333241666667, 5.429505949999999)",162.23929316507272
696345647,1500,building,,residential,"[(100.4024245, 5.4295362), (100.4024512, 5.4296727), (100.402524, 5.4296586), (100.4024973, 5.4295221), (100.4024245, 5.4295362)]","(100.40247425, 5.4295974000000005)",127.23385457266055
696345648,1500,building,,residential,"[(100.4050024, 5.4290826), (100.4050369, 5.4292628), (100.4051623, 5.429239), (100.4051279, 5.4290588), (100.4050024, 5.4290826)]","(100.405082375, 5.4291608)",288.9933879912339
696345649,1500,building,,residential,"[(100.4048748, 5.4291332), (100.4049133, 5.4293118), (100.4050257, 5.4292878), (100.4049846, 5.4290968), (100.4049718, 5.4290995), (100.4049654, 5.4290699), (100.4049028, 5.4290833), (100.4049118, 5.4291253), (100.4048748, 5.4291332)]","(100.40494377500002, 5.42915095)",295.1261839808647
696345650,1500,building,,residential,"[(100.4047791, 5.4291673), (100.4048107, 5.4293319), (100.4048841, 5.4293179), (100.4048525, 5.4291533), (100.4047791, 5.4291673)]","(100.40483160000001, 5.4292426)",154.50201742235754
696345651,1500,building,,residential,"[(100.4017303, 5.429614), (100.4017496, 5.4296142), (100.4017492, 5.4296669), (100.4018225, 5.4296674), (100.4018238, 5.4294912), (100.4017606, 5.4294907), (100.4017603, 5.4295191), (100.401731, 5.4295189), (100.4017303, 5.429614)]","(100.4017659125, 5.4295728)",178.48802030727006
696345652,1500,building,,residential,"[(100.4015828, 5.4296413), (100.4016605, 5.4296416), (100.4016606, 5.4296084), (100.4016983, 5.4296085), (100.4016986, 5.429514), (100.4016681, 5.4295139), (100.4016684, 5.4294443), (100.4015834, 5.4294441), (100.4015828, 5.4296413)]","(100.40165258750001, 5.4295520125)",239.27418459720795
699087328,1500,building,,residential,"[(100.5340315, 5.5191469), (100.5340317, 5.5193101), (100.5341014, 5.5193099), (100.5341012, 5.5191467), (100.5340315, 5.5191469)]","(100.53406645, 5.5192284)",140.30682622626276
699087329,1500,building,,residential,"[(100.5335728, 5.5191423), (100.533573, 5.5193055), (100.5336428, 5.5193054), (100.5336425, 5.5191422), (100.5335728, 5.5191423)]","(100.533607775, 5.51922385)",140.40729243608445
699087330,1500,building,,residential,"[(100.5342259, 5.5191465), (100.5342262, 5.5193097), (100.5342959, 5.5193095), (100.5342957, 5.5191463), (100.5342259, 5.5191465)]","(100.53426092500001, 5.519227999999999)",140.40759983182923
699087331,1500,building,,residential,"[(100.5328023, 5.5191462), (100.5328026, 5.5193094), (100.5328723, 5.5193093), (100.5328721, 5.5191461), (100.5328023, 5.5191462)]","(100.532837325, 5.51922775)",140.40729152670173
699087332,1500,building,,residential,"[(100.5319595, 5.519141), (100.5319597, 5.5193042), (100.5320294, 5.5193041), (100.5320292, 5.5191409), (100.5319595, 5.519141)]","(100.53199445, 5.51922255)",140.30658093131876
699087333,1500,building,,residential,"[(100.5338357, 5.5191429), (100.5338359, 5.5193061), (100.5339056, 5.5193059), (100.5339054, 5.5191427), (100.5338357, 5.5191429)]","(100.53387064999998, 5.5192244)",140.30682714724222
699087334,1500,building,,residential,"[(100.5337659, 5.519143), (100.5337662, 5.5193062), (100.5338359, 5.5193061), (100.5338357, 5.5191429), (100.5337659, 5.519143)]","(100.533800925, 5.519224549999999)",140.40729228395386
699087335,1500,building,,residential,"[(100.5339617, 5.519147), (100.533962, 5.5193102), (100.5340317, 5.5193101), (100.5340315, 5.5191469), (100.5339617, 5.519147)]","(100.53399672500001, 5.51922855)",140.40729133665153
699087336,1500,building,,residential,"[(100.5327326, 5.5191463), (100.5327328, 5.5193095), (100.5328026, 5.5193094), (100.5328023, 5.5191462), (100.5327326, 5.5191463)]","(100.532767575, 5.51922785)",140.40729149077904
699087337,1500,building,,residential,"[(100.5318334, 5.5191356), (100.5318336, 5.5192987), (100.5319034, 5.5192986), (100.5319031, 5.5191354), (100.5318334, 5.5191356)]","(100.53186837500002, 5.519217075)",140.3644313906291
699087338,1500,building,,residential,"[(100.5317636, 5.5191357), (100.5317639, 5.5192988), (100.5318336, 5.5192987), (100.5318334, 5.5191356), (100.5317636, 5.5191357)]","(100.531798625, 5.5192172)",140.32126034500425
699087339,1500,building,,residential,"[(100.5316423, 5.5191342), (100.5316425, 5.5192974), (100.5317123, 5.5192972), (100.531712, 5.5191341), (100.5316423, 5.5191342)]","(100.53167727499999, 5.519215725)",140.36443169796718
699087340,1500,building,,residential,"[(100.5326072, 5.5191489), (100.5326074, 5.5193121), (100.5326772, 5.5193119), (100.5326769, 5.5191487), (100.5326072, 5.5191489)]","(100.53264217499999, 5.5192304)",140.40759926350944
699087341,1500,building,,residential,"[(100.5332597, 5.5191396), (100.5332599, 5.5193027), (100.5333296, 5.5193026), (100.5333294, 5.5191394), (100.5332597, 5.5191396)]","(100.53329465, 5.519221075)",140.2637186162287
699087342,1500,building,,residential,"[(100.5315725, 5.5191343), (100.5315728, 5.5192975), (100.5316425, 5.5192974), (100.5316423, 5.5191342), (100.5315725, 5.5191343)]","(100.531607525, 5.51921585)",140.4072943577271
699087343,1500,building,,residential,"[(100.5331899, 5.5191397), (100.5331901, 5.5193028), (100.5332599, 5.5193027), (100.5332597, 5.5191396), (100.5331899, 5.5191397)]","(100.5332249, 5.5192212)",140.42178623132114
699087344,1500,building,,residential,"[(100.5324161, 5.5191469), (100.5324163, 5.5193101), (100.5324861, 5.5193099), (100.5324858, 5.5191467), (100.5324161, 5.5191469)]","(100.53245107500001, 5.5192284)",140.40759973668006
699087345,1500,building,,residential,"[(100.5325375, 5.519149), (100.5325377, 5.5193122), (100.5326074, 5.5193121), (100.5326072, 5.5191489), (100.5325375, 5.519149)]","(100.53257245, 5.5192305500000005)",140.3065790137804
699087346,1500,building,,residential,"[(100.5330685, 5.5191416), (100.5330688, 5.5193048), (100.5331385, 5.5193046), (100.5331383, 5.5191414), (100.5330685, 5.5191416)]","(100.533103525, 5.5192231)",140.4076010179725
699087347,1500,building,,residential,"[(100.5323464, 5.519147), (100.5323466, 5.5193102), (100.5324163, 5.5193101), (100.5324161, 5.5191469), (100.5323464, 5.519147)]","(100.53238134999998, 5.51922855)",140.30657951177224
699087348,1500,building,,residential,"[(100.5329988, 5.5191417), (100.532999, 5.5193049), (100.5330688, 5.5193048), (100.5330685, 5.5191416), (100.5329988, 5.5191417)]","(100.533033775, 5.5192232500000005)",140.40729260539348
699087349,1500,building,,residential,"[(100.5341562, 5.5191466), (100.5341564, 5.5193098), (100.5342262, 5.5193097), (100.5342259, 5.5191465), (100.5341562, 5.5191466)]","(100.53419117500002, 5.51922815)",140.40729144434488
699087350,1500,building,,residential,"[(100.5334481, 5.5191402), (100.5334483, 5.5193034), (100.533518, 5.5193033), (100.5335178, 5.5191401), (100.5334481, 5.5191402)]","(100.53348305, 5.519221750000001)",140.30658110879534
699087351,1500,building,,residential,"[(100.5322236, 5.5191422), (100.5322239, 5.5193054), (100.5322936, 5.5193053), (100.5322934, 5.5191421), (100.5322236, 5.5191422)]","(100.53225862500001, 5.51922375)",140.4072924739788
699087352,1500,building,,residential,"[(100.5333783, 5.5191403), (100.5333786, 5.5193035), (100.5334483, 5.5193034), (100.5334481, 5.5191402), (100.5333783, 5.5191403)]","(100.533413325, 5.51922185)",140.40729293741398
699087353,1500,building,,residential,"[(100.5321539, 5.5191423), (100.5321541, 5.5193055), (100.5322239, 5.5193054), (100.5322236, 5.5191422), (100.5321539, 5.5191423)]","(100.532188875, 5.51922385)",140.40729244900615
699087354,1500,building,,residential,"[(100.5320292, 5.5191409), (100.5320294, 5.5193041), (100.5320992, 5.5193039), (100.5320989, 5.5191407), (100.5320292, 5.5191409)]","(100.532064175, 5.5192224)",140.40760117000843
699087355,1500,building,,residential,"[(100.5336425, 5.5191422), (100.5336428, 5.5193054), (100.5337125, 5.5193053), (100.5337123, 5.5191421), (100.5336425, 5.5191422)]","(100.53367752499999, 5.51922375)",140.40729247420177
699087356,1500,building,,residential,"[(100.5316453, 5.5193585), (100.5316455, 5.5195217), (100.5317153, 5.5195215), (100.531715, 5.5193583), (100.5316453, 5.5193585)]","(100.531680275, 5.51944)",140.4075496687535
699087357,1500,building,,residential,"[(100.5315756, 5.5193586), (100.5315758, 5.5195218), (100.5316455, 5.5195217), (100.5316453, 5.5193585), (100.5315756, 5.5193586)]","(100.53161055, 5.51944015)",140.3065294279312
699087358,1500,building,,residential,"[(100.5318364, 5.5193598), (100.5318366, 5.519523), (100.5319064, 5.5195228), (100.5319061, 5.5193596), (100.5318364, 5.5193598)]","(100.53187137500001, 5.5194413)",140.40754933621665
699087359,1500,building,,residential,"[(100.5317667, 5.5193599), (100.5317669, 5.5195231), (100.5318366, 5.519523), (100.5318364, 5.5193598), (100.5317667, 5.5193599)]","(100.53180165, 5.51944145)",140.30652912147647
699087360,1500,building,,residential,"[(100.5320322, 5.5193652), (100.5320324, 5.5195283), (100.5321022, 5.5195282), (100.5321019, 5.519365), (100.5320322, 5.5193652)]","(100.532067175, 5.519446675)",140.36437702582265
699087361,1500,building,,residential,"[(100.5319625, 5.5193653), (100.5319627, 5.5195284), (100.5320324, 5.5195283), (100.5320322, 5.5193652), (100.5319625, 5.5193653)]","(100.53199745, 5.5194468)",140.2205558820907
699087362,1500,building,,residential,"[(100.5322267, 5.5193665), (100.5322269, 5.5195297), (100.5322966, 5.5195295), (100.5322964, 5.5193663), (100.5322267, 5.5193665)]","(100.53226165, 5.519448000000001)",140.30677428815946
699087363,1500,building,,residential,"[(100.5321569, 5.5193666), (100.5321572, 5.5195298), (100.5322269, 5.5195297), (100.5322267, 5.5193665), (100.5321569, 5.5193666)]","(100.532191925, 5.51944815)",140.40723932406135
699087364,1500,building,,residential,"[(100.5324191, 5.5193712), (100.5324194, 5.5195344), (100.5324891, 5.5195342), (100.5324889, 5.519371), (100.5324191, 5.5193712)]","(100.53245412500002, 5.5194526999999995)",140.40754664955705
699087365,1500,building,,residential,"[(100.5323494, 5.5193713), (100.5323496, 5.5195344), (100.5324194, 5.5195344), (100.5324191, 5.5193712), (100.5323494, 5.5193713)]","(100.53238437499999, 5.519452825)",140.36406721887278
699087366,1500,building,,residential,"[(100.5326102, 5.5193732), (100.5326105, 5.5195364), (100.5326802, 5.5195362), (100.53268, 5.519373), (100.5326102, 5.5193732)]","(100.53264522500001, 5.519454700000001)",140.4075461753517
699087367,1500,building,,residential,"[(100.5325405, 5.5193733), (100.5325407, 5.5195365), (100.5326105, 5.5195364), (100.5326102, 5.5193732), (100.5325405, 5.5193733)]","(100.53257547500002, 5.51945485)",140.40723776224377
699087368,1500,building,,residential,"[(100.5328054, 5.5193705), (100.5328056, 5.5195337), (100.5328753, 5.5195335), (100.5328751, 5.5193703), (100.5328054, 5.5193705)]","(100.53284035, 5.519451999999999)",140.3067733291458
699087369,1500,building,,residential,"[(100.5327356, 5.5193706), (100.5327359, 5.5195338), (100.5328056, 5.5195337), (100.5328054, 5.5193705), (100.5327356, 5.5193706)]","(100.53277062500001, 5.51945215)",140.40723840162022
699087370,1500,building,,residential,"[(100.5330716, 5.5193658), (100.5330718, 5.519529), (100.5331415, 5.5195288), (100.5331413, 5.5193657), (100.5330716, 5.5193658)]","(100.53310655, 5.519447325)",140.2636650965488
699087371,1500,building,,residential,"[(100.5330018, 5.5193659), (100.5330021, 5.5195291), (100.5330718, 5.519529), (100.5330716, 5.5193658), (100.5330018, 5.5193659)]","(100.53303682500001, 5.51944745)",140.40723951419147
699087372,1500,building,,residential,"[(100.5332627, 5.5193638), (100.5332629, 5.519527), (100.5333326, 5.5195268), (100.5333324, 5.5193637), (100.5332627, 5.5193638)]","(100.53329765, 5.519445325)",140.2636655701106
699087373,1500,building,,residential,"[(100.5331929, 5.5193639), (100.5331932, 5.5195271), (100.5332629, 5.519527), (100.5332627, 5.5193638), (100.5331929, 5.5193639)]","(100.533227925, 5.51944545)",140.40723996329584
699087374,1500,building,,residential,"[(100.5334511, 5.5193645), (100.5334513, 5.5195277), (100.5335211, 5.5195275), (100.5335208, 5.5193643), (100.5334511, 5.5193645)]","(100.53348607500001, 5.519445999999999)",140.4075482226485
699087375,1500,building,,residential,"[(100.5333814, 5.5193646), (100.5333816, 5.5195278), (100.5334513, 5.5195277), (100.5334511, 5.5193645), (100.5333814, 5.5193646)]","(100.53341634999998, 5.51944615)",140.30652802133162
699087376,1500,building,,residential,"[(100.5336456, 5.5193665), (100.5336458, 5.5195297), (100.5337155, 5.5195295), (100.5337153, 5.5193663), (100.5336456, 5.5193665)]","(100.53368055, 5.519448000000001)",140.30677427577618
699087377,1500,building,,residential,"[(100.5335758, 5.5193666), (100.5335761, 5.5195298), (100.5336458, 5.5195297), (100.5336456, 5.5193665), (100.5335758, 5.5193666)]","(100.533610825, 5.51944815)",140.40723934967758
699087378,1500,building,,residential,"[(100.5338387, 5.5193672), (100.5338389, 5.5195303), (100.5339086, 5.5195302), (100.5339084, 5.519367), (100.5338387, 5.5193672)]","(100.53387365, 5.519448675)",140.26366475178642
699087379,1500,building,,residential,"[(100.5337689, 5.5193673), (100.5337692, 5.5195304), (100.5338389, 5.5195303), (100.5338387, 5.5193672), (100.5337689, 5.5193673)]","(100.53380392499999, 5.519448799999999)",140.3212055612924
699087380,1500,building,,residential,"[(100.5340345, 5.5193712), (100.5340347, 5.5195344), (100.5341044, 5.5195342), (100.5341042, 5.519371), (100.5340345, 5.5193712)]","(100.53406945, 5.5194526999999995)",140.30677315220552
699087381,1500,building,,residential,"[(100.5339647, 5.5193713), (100.533965, 5.5195344), (100.5340347, 5.5195344), (100.5340345, 5.5193712), (100.5339647, 5.5193713)]","(100.533999725, 5.519452825)",140.364067244999
699087382,1500,building,,residential,"[(100.5341592, 5.5193708), (100.5341594, 5.519534), (100.5342292, 5.5195339), (100.5342289, 5.5193707), (100.5341592, 5.5193708)]","(100.53419417500001, 5.51945235)",140.4072383425504
699087383,1500,building,,residential,"[(100.5342289, 5.5193707), (100.5342292, 5.5195339), (100.5342989, 5.5195338), (100.5342987, 5.5193706), (100.5342289, 5.5193707)]","(100.534263925, 5.5194522500000005)",140.40723835220487
699087385,1500,building,,residential,"[(100.5338363, 5.5204571), (100.5338378, 5.5206267), (100.5339039, 5.5206261), (100.5339023, 5.5204565), (100.5338363, 5.5204571)]","(100.53387007500001, 5.5205416)",138.18410908824578
699087386,1500,building,,residential,"[(100.5337702, 5.5204577), (100.5337717, 5.5206273), (100.5338378, 5.5206267), (100.5338363, 5.5204571), (100.5337702, 5.5204577)]","(100.533804, 5.5205421999999995)",138.28833592389665
699087387,1500,building,,residential,"[(100.5331928, 5.5204563), (100.5331944, 5.520626), (100.5332604, 5.5206254), (100.5332589, 5.5204558), (100.5331928, 5.5204563)]","(100.53322662500001, 5.520540875)",138.22388822787244
699087388,1500,building,,residential,"[(100.5332589, 5.5204558), (100.5332604, 5.5206254), (100.5333265, 5.5206248), (100.533325, 5.5204552), (100.5332589, 5.5204558)]","(100.5332927, 5.5205403)",138.2883363536185
699087389,1500,building,,residential,"[(100.5334527, 5.5204564), (100.5334542, 5.5206261), (100.5335203, 5.5206255), (100.5335188, 5.5204558), (100.5334527, 5.5204564)]","(100.53348650000001, 5.52054095)",138.36986761813162
699087390,1500,building,,residential,"[(100.5333866, 5.520457), (100.5333882, 5.5206266), (100.5334542, 5.5206261), (100.5334527, 5.5204564), (100.5333866, 5.520457)]","(100.533420425, 5.5205415250000005)",138.22388803591468
699087391,1500,building,,residential,"[(100.5316404, 5.5204539), (100.5316419, 5.5206235), (100.531708, 5.520623), (100.5317065, 5.5204533), (100.5316404, 5.5204539)]","(100.5316742, 5.520538425)",138.32817739422242
699087392,1500,building,,residential,"[(100.5318347, 5.5204551), (100.5318362, 5.5206247), (100.5319023, 5.5206241), (100.5319007, 5.5204545), (100.5318347, 5.5204551)]","(100.531868475, 5.5205396)",138.18410955527733
699087393,1500,building,,residential,"[(100.5317686, 5.5204557), (100.5317701, 5.5206253), (100.5318362, 5.5206247), (100.5318347, 5.5204551), (100.5317686, 5.5204557)]","(100.5318024, 5.5205402)",138.288336403017
699087394,1500,building,,residential,"[(100.5335797, 5.5204584), (100.5335813, 5.520628), (100.5336474, 5.5206274), (100.5336458, 5.5204578), (100.5335797, 5.5204584)]","(100.53361355, 5.5205429)",138.28907584771946
699087395,1500,building,,residential,"[(100.5336458, 5.5204578), (100.5336474, 5.5206274), (100.5337134, 5.5206268), (100.5337119, 5.5204572), (100.5336458, 5.5204578)]","(100.533679625, 5.5205423)",138.18410895263537
699087396,1500,building,,residential,"[(100.532416, 5.5204578), (100.5324176, 5.5206274), (100.5324836, 5.5206268), (100.5324821, 5.5204572), (100.532416, 5.5204578)]","(100.532449825, 5.5205423)",138.18410893927623
699087397,1500,building,,residential,"[(100.53235, 5.5204584), (100.5323515, 5.520628), (100.5324176, 5.5206274), (100.532416, 5.5204578), (100.53235, 5.5204584)]","(100.532383775, 5.5205429)",138.1841087996025
699087398,1500,building,,residential,"[(100.5340287, 5.5204518), (100.5340302, 5.5206214), (100.5340963, 5.5206208), (100.5340948, 5.5204512), (100.5340287, 5.5204518)]","(100.53406249999999, 5.5205363)",138.28833732668218
699087399,1500,building,,residential,"[(100.5339626, 5.5204523), (100.5339642, 5.520622), (100.5340302, 5.5206214), (100.5340287, 5.5204518), (100.5339626, 5.5204523)]","(100.533996425, 5.520536875)",138.22388912017558
699087400,1500,building,,residential,"[(100.5330665, 5.5204551), (100.533068, 5.5206247), (100.5331341, 5.5206241), (100.5331326, 5.5204545), (100.5330665, 5.5204551)]","(100.5331003, 5.5205396)",138.2883365308879
699087401,1500,building,,residential,"[(100.5330004, 5.5204557), (100.5330019, 5.5206253), (100.533068, 5.5206247), (100.5330665, 5.5204551), (100.5330004, 5.5204557)]","(100.5330342, 5.5205402)",138.28833638928774
699087402,1500,building,,residential,"[(100.5328016, 5.5204584), (100.5328031, 5.5206281), (100.5328692, 5.5206275), (100.5328677, 5.5204578), (100.5328016, 5.5204584)]","(100.5328354, 5.520542949999999)",138.36986712360783
699087403,1500,building,,residential,"[(100.5327355, 5.520459), (100.532737, 5.5206287), (100.5328031, 5.5206281), (100.5328016, 5.5204584), (100.5327355, 5.520459)]","(100.53276929999998, 5.520543549999999)",138.36986701027385
699087404,1500,building,,residential,"[(100.5326085, 5.5204564), (100.53261, 5.5206261), (100.5326761, 5.5206255), (100.5326746, 5.5204558), (100.5326085, 5.5204564)]","(100.5326423, 5.52054095)",138.3698676313225
699087405,1500,building,,residential,"[(100.5325424, 5.520457), (100.5325439, 5.5206266), (100.53261, 5.5206261), (100.5326085, 5.5204564), (100.5325424, 5.520457)]","(100.5325762, 5.5205415250000005)",138.328176697343
699087406,1500,building,,residential,"[(100.5315743, 5.5204545), (100.5315758, 5.5206241), (100.5316419, 5.5206235), (100.5316404, 5.5204539), (100.5315743, 5.5204545)]","(100.5316081, 5.520538999999999)",138.28833667113366
699087407,1500,building,,residential,"[(100.5341578, 5.520457), (100.5341593, 5.5206266), (100.5342254, 5.5206261), (100.5342238, 5.5204564), (100.5341578, 5.520457)]","(100.53419157500001, 5.5205415250000005)",138.2238880360409
699087408,1500,building,,residential,"[(100.5320291, 5.5204564), (100.5320307, 5.5206261), (100.5320967, 5.5206255), (100.5320952, 5.5204558), (100.5320291, 5.5204564)]","(100.532062925, 5.52054095)",138.26557898358143
699087409,1500,building,,residential,"[(100.5342238, 5.5204564), (100.5342254, 5.5206261), (100.5342914, 5.5206255), (100.5342899, 5.5204558), (100.5342238, 5.5204564)]","(100.53425762500001, 5.52054095)",138.26557898358143
699087410,1500,building,,residential,"[(100.531963, 5.520457), (100.5319646, 5.5206266), (100.5320307, 5.5206261), (100.5320291, 5.5204564), (100.531963, 5.520457)]","(100.53199685, 5.5205415250000005)",138.32885509768522
699087411,1500,building,,residential,"[(100.5322209, 5.5204578), (100.5322224, 5.5206274), (100.5322885, 5.5206268), (100.532287, 5.5204572), (100.5322209, 5.5204578)]","(100.5322547, 5.5205423)",138.28833592742993
699087412,1500,building,,residential,"[(100.5321548, 5.5204584), (100.5321563, 5.520628), (100.5322224, 5.5206274), (100.5322209, 5.5204578), (100.5321548, 5.5204584)]","(100.53218859999998, 5.5205429)",138.28833574820038
699087413,1500,building,,residential,"[(100.5338383, 5.5202368), (100.5338398, 5.5204065), (100.5339059, 5.5204059), (100.5339044, 5.5202363), (100.5338383, 5.5202368)]","(100.5338721, 5.520321375)",138.3282280402074
699087414,1500,building,,residential,"[(100.5337722, 5.5202374), (100.5337737, 5.5204071), (100.5338398, 5.5204065), (100.5338383, 5.5202368), (100.5337722, 5.5202374)]","(100.533806, 5.52032195)",138.3699187341682
699087415,1500,building,,residential,"[(100.5331949, 5.5202361), (100.5331964, 5.5204057), (100.5332625, 5.5204051), (100.5332609, 5.5202355), (100.5331949, 5.5202361)]","(100.533228675, 5.5203206)",138.18416062998304
699087416,1500,building,,residential,"[(100.5332609, 5.5202355), (100.5332625, 5.5204051), (100.5333285, 5.5204045), (100.533327, 5.5202349), (100.5332609, 5.5202355)]","(100.53329472499999, 5.52032)",138.18416074173544
699087417,1500,building,,residential,"[(100.5334547, 5.5202362), (100.5334562, 5.5204058), (100.5335223, 5.5204052), (100.5335208, 5.5202356), (100.5334547, 5.5202362)]","(100.5334885, 5.5203207)",138.2883876197267
699087418,1500,building,,residential,"[(100.5333886, 5.5202368), (100.5333902, 5.5204064), (100.5334562, 5.5204058), (100.5334547, 5.5202362), (100.5333886, 5.5202368)]","(100.533422425, 5.5203213)",138.18416045241077
699087419,1500,building,,residential,"[(100.5316437, 5.5202257), (100.5316453, 5.5203953), (100.5317113, 5.5203947), (100.5317098, 5.5202251), (100.5316437, 5.5202257)]","(100.53167752499999, 5.5203102)",138.1841630396255
699087420,1500,building,,residential,"[(100.5318367, 5.5202295), (100.5318382, 5.5203991), (100.5319043, 5.5203985), (100.5319028, 5.5202289), (100.5318367, 5.5202295)]","(100.5318705, 5.520314)",138.28838915488384
699087421,1500,building,,residential,"[(100.5317706, 5.5202301), (100.5317721, 5.5203997), (100.5318382, 5.5203991), (100.5318367, 5.5202295), (100.5317706, 5.5202301)]","(100.5318044, 5.5203146)",138.28838901562236
699087422,1500,building,,residential,"[(100.5335818, 5.5202381), (100.5335833, 5.5204077), (100.5336494, 5.5204071), (100.5336478, 5.5202375), (100.5335818, 5.5202381)]","(100.533615575, 5.5203226)",138.1841601490203
699087423,1500,building,,residential,"[(100.5336478, 5.5202375), (100.5336494, 5.5204071), (100.5337154, 5.5204066), (100.5337139, 5.5202369), (100.5336478, 5.5202375)]","(100.533681625, 5.5203220250000005)",138.22393922901875
699087424,1500,building,,residential,"[(100.532418, 5.5202375), (100.5324196, 5.5204071), (100.5324857, 5.5204066), (100.5324841, 5.5202369), (100.532418, 5.5202375)]","(100.53245185, 5.5203220250000005)",138.3289063029538
699087425,1500,building,,residential,"[(100.532352, 5.5202381), (100.5323535, 5.5204077), (100.5324196, 5.5204071), (100.532418, 5.5202375), (100.532352, 5.5202381)]","(100.532385775, 5.5203226)",138.18416016221119
699087426,1500,building,,residential,"[(100.5340334, 5.5202395), (100.5340349, 5.5204091), (100.534101, 5.5204086), (100.5340995, 5.5202389), (100.5340334, 5.5202395)]","(100.53406720000001, 5.520324025)",138.3282274344696
699087427,1500,building,,residential,"[(100.5339673, 5.5202401), (100.5339689, 5.5204097), (100.5340349, 5.5204091), (100.5340334, 5.5202395), (100.5339673, 5.5202401)]","(100.534001125, 5.5203245999999995)",138.18415966932784
699087428,1500,building,,residential,"[(100.5330685, 5.5202348), (100.53307, 5.5204045), (100.5331361, 5.5204039), (100.5331346, 5.5202342), (100.5330685, 5.5202348)]","(100.5331023, 5.52031935)",138.36991932722827
699087429,1500,building,,residential,"[(100.5330024, 5.5202354), (100.5330039, 5.5204051), (100.53307, 5.5204045), (100.5330685, 5.5202348), (100.5330024, 5.5202354)]","(100.5330362, 5.52031995)",138.36991918670492
699087430,1500,building,,residential,"[(100.5328036, 5.5202382), (100.5328051, 5.5204078), (100.5328712, 5.5204072), (100.5328697, 5.5202376), (100.5328036, 5.5202382)]","(100.53283739999999, 5.5203226999999995)",138.28838713955474
699087431,1500,building,,residential,"[(100.5327375, 5.5202388), (100.5327391, 5.5204084), (100.5328051, 5.5204078), (100.5328036, 5.5202382), (100.5327375, 5.5202388)]","(100.532771325, 5.520323299999999)",138.1841599735091
699087432,1500,building,,residential,"[(100.5326105, 5.5202415), (100.532612, 5.5204111), (100.5326781, 5.5204106), (100.5326766, 5.5202409), (100.5326105, 5.5202415)]","(100.5326443, 5.520326025)",138.3282269555343
699087433,1500,building,,residential,"[(100.5325444, 5.5202421), (100.5325459, 5.5204117), (100.532612, 5.5204111), (100.5326105, 5.5202415), (100.5325444, 5.5202421)]","(100.53257820000002, 5.520326600000001)",138.2883862305022
699087434,1500,building,,residential,"[(100.5315777, 5.5202262), (100.5315792, 5.5203959), (100.5316453, 5.5203953), (100.5316437, 5.5202257), (100.5315777, 5.5202262)]","(100.531611475, 5.5203107750000004)",138.22394186425234
699087435,1500,building,,residential,"[(100.5341598, 5.5202421), (100.5341613, 5.5204117), (100.5342274, 5.5204111), (100.5342259, 5.5202415), (100.5341598, 5.5202421)]","(100.53419360000001, 5.520326600000001)",138.2883862442988
699087436,1500,building,,residential,"[(100.5320311, 5.5202308), (100.5320327, 5.5204005), (100.5320987, 5.5203999), (100.5320972, 5.5202302), (100.5320311, 5.5202308)]","(100.532064925, 5.520315350000001)",138.2656315731532
699087437,1500,building,,residential,"[(100.5342259, 5.5202415), (100.5342274, 5.5204111), (100.5342935, 5.5204106), (100.5342919, 5.5202409), (100.5342259, 5.5202415)]","(100.53425967499999, 5.520326025)",138.223938282993
699087438,1500,building,,residential,"[(100.5319651, 5.5202314), (100.5319666, 5.5204011), (100.5320327, 5.5204005), (100.5320311, 5.5202308), (100.5319651, 5.5202314)]","(100.531998875, 5.5203159500000005)",138.2656314593565
699087439,1500,building,,residential,"[(100.5322229, 5.5202308), (100.5322244, 5.5204005), (100.5322905, 5.5203999), (100.532289, 5.5202302), (100.5322229, 5.5202308)]","(100.53225669999999, 5.520315350000001)",138.36992027401115
699087440,1500,building,,residential,"[(100.5321568, 5.5202314), (100.5321584, 5.5204011), (100.5322244, 5.5204005), (100.5322229, 5.5202308), (100.5321568, 5.5202314)]","(100.532190625, 5.5203159500000005)",138.26563145955
699087441,1500,building,,residential,"[(100.5330004, 5.519905), (100.5330019, 5.5200747), (100.533068, 5.5200741), (100.5330665, 5.5199045), (100.5330004, 5.519905)]","(100.5330342, 5.519989574999999)",138.3283054698656
699087442,1500,building,,residential,"[(100.5330665, 5.5199045), (100.533068, 5.5200741), (100.5331341, 5.5200735), (100.5331326, 5.5199039), (100.5330665, 5.5199045)]","(100.5331003, 5.519989)",138.28846496514154
699087443,1500,building,,residential,"[(100.5328016, 5.5199078), (100.5328031, 5.5200774), (100.5328692, 5.5200768), (100.5328677, 5.5199072), (100.5328016, 5.5199078)]","(100.5328354, 5.5199923)",138.28846418085564
699087444,1500,building,,residential,"[(100.5327355, 5.5199084), (100.532737, 5.520078), (100.5328031, 5.5200774), (100.5328016, 5.5199078), (100.5327355, 5.5199084)]","(100.53276929999998, 5.5199929)",138.2884640680937
699087445,1500,building,,residential,"[(100.5325424, 5.5199117), (100.5325439, 5.5200813), (100.53261, 5.5200808), (100.5326085, 5.5199111), (100.5325424, 5.5199117)]","(100.5325762, 5.519996225)",138.32830393323624
699087446,1500,building,,residential,"[(100.5326085, 5.5199111), (100.53261, 5.5200808), (100.5326761, 5.5200802), (100.5326746, 5.5199105), (100.5326085, 5.5199111)]","(100.5326423, 5.51999565)",138.36999490308688
699087447,1500,building,,residential,"[(100.5315756, 5.5198959), (100.5315772, 5.5200655), (100.5316432, 5.5200649), (100.5316417, 5.5198953), (100.5315756, 5.5198959)]","(100.531609425, 5.5199804)",138.18423992387235
699087448,1500,building,,residential,"[(100.5320291, 5.5199004), (100.5320307, 5.5200701), (100.5320967, 5.5200695), (100.5320952, 5.5198999), (100.5320291, 5.5199004)]","(100.532062925, 5.519984975)",138.22401782445547
699087449,1500,building,,residential,"[(100.5341578, 5.5199117), (100.5341593, 5.5200813), (100.5342254, 5.5200808), (100.5342238, 5.5199111), (100.5341578, 5.5199117)]","(100.53419157500001, 5.519996225)",138.22401517614034
699087450,1500,building,,residential,"[(100.5342238, 5.5199111), (100.5342254, 5.5200808), (100.5342914, 5.5200802), (100.5342899, 5.5199105), (100.5342238, 5.5199111)]","(100.53425762500001, 5.51999565)",138.26570615931647
699087451,1500,building,,residential,"[(100.531963, 5.519901), (100.5319646, 5.5200707), (100.5320307, 5.5200701), (100.5320291, 5.5199004), (100.531963, 5.519901)]","(100.53199685, 5.51998555)",138.370737321763
699087452,1500,building,,residential,"[(100.5322209, 5.5199004), (100.5322224, 5.5200701), (100.5322885, 5.5200695), (100.532287, 5.5198999), (100.5322209, 5.5199004)]","(100.5322547, 5.519984975)",138.32830657058142
699087453,1500,building,,residential,"[(100.5321548, 5.519901), (100.5321563, 5.5200707), (100.5322224, 5.5200701), (100.5322209, 5.5199004), (100.5321548, 5.519901)]","(100.53218859999998, 5.51998555)",138.36999722139424
699087454,1500,building,,residential,"[(100.5338363, 5.5199065), (100.5338378, 5.5200761), (100.5339039, 5.5200755), (100.5339023, 5.5199059), (100.5338363, 5.5199065)]","(100.53387007500001, 5.519991)",138.18423742633547
699087455,1500,building,,residential,"[(100.5337702, 5.519907), (100.5337717, 5.5200767), (100.5338378, 5.5200761), (100.5338363, 5.5199065), (100.5337702, 5.519907)]","(100.533804, 5.519991575000001)",138.32830500364165
699087456,1500,building,,residential,"[(100.5331928, 5.5199057), (100.5331944, 5.5200753), (100.5332604, 5.5200748), (100.5332589, 5.5199051), (100.5331928, 5.5199057)]","(100.53322662500001, 5.519990225)",138.224016615041
699087457,1500,building,,residential,"[(100.5332589, 5.5199051), (100.5332604, 5.5200748), (100.5333265, 5.5200742), (100.533325, 5.5199045), (100.5332589, 5.5199051)]","(100.5332927, 5.519989649999999)",138.36999626487804
699087458,1500,building,,residential,"[(100.5333866, 5.5199064), (100.5333882, 5.520076), (100.5334542, 5.5200754), (100.5334527, 5.5199058), (100.5333866, 5.5199064)]","(100.533420425, 5.5199909)",138.1842374493354
699087459,1500,building,,residential,"[(100.5334527, 5.5199058), (100.5334542, 5.5200754), (100.5335203, 5.5200748), (100.5335188, 5.5199052), (100.5334527, 5.5199058)]","(100.53348650000001, 5.5199903)",138.28846467529527
699087460,1500,building,,residential,"[(100.5316417, 5.5198953), (100.5316432, 5.5200649), (100.5317093, 5.5200643), (100.5317078, 5.5198947), (100.5316417, 5.5198953)]","(100.53167549999999, 5.5199798)",138.2884671240814
699087461,1500,building,,residential,"[(100.5318347, 5.5198991), (100.5318362, 5.5200687), (100.5319023, 5.5200682), (100.5319007, 5.5198985), (100.5318347, 5.5198991)]","(100.531868475, 5.519983625)",138.22401811339319
699087462,1500,building,,residential,"[(100.5317686, 5.5198997), (100.5317701, 5.5200693), (100.5318362, 5.5200687), (100.5318347, 5.5198991), (100.5317686, 5.5198997)]","(100.5318024, 5.5199842)",138.2884660988262
699087463,1500,building,,residential,"[(100.5335797, 5.5199077), (100.5335813, 5.5200773), (100.5336474, 5.5200768), (100.5336458, 5.5199071), (100.5335797, 5.5199077)]","(100.53361355, 5.519992225)",138.32898326611044
699087464,1500,building,,residential,"[(100.5336458, 5.5199071), (100.5336474, 5.5200768), (100.5337134, 5.5200762), (100.5337119, 5.5199065), (100.5336458, 5.5199071)]","(100.533679625, 5.519991650000001)",138.26570709290846
699087465,1500,building,,residential,"[(100.53235, 5.5199077), (100.5323515, 5.5200773), (100.5324176, 5.5200768), (100.532416, 5.5199071), (100.53235, 5.5199077)]","(100.532383775, 5.519992225)",138.22401612036577
699087466,1500,building,,residential,"[(100.532416, 5.5199071), (100.5324176, 5.5200768), (100.5324836, 5.5200762), (100.5324821, 5.5199065), (100.532416, 5.5199071)]","(100.532449825, 5.519991650000001)",138.26570707968392
699087467,1500,building,,residential,"[(100.5340314, 5.5199091), (100.5340329, 5.5200788), (100.534099, 5.5200782), (100.5340975, 5.5199085), (100.5340314, 5.5199091)]","(100.53406520000001, 5.51999365)",138.36999535797912
699087468,1500,building,,residential,"[(100.5339653, 5.5199097), (100.5339668, 5.5200793), (100.5340329, 5.5200788), (100.5340314, 5.5199091), (100.5339653, 5.5199097)]","(100.5339991, 5.519994225)",138.32830437225397
699087469,1500,building,,residential,"[(100.5342236, 5.5196963), (100.5342251, 5.5198659), (100.5342912, 5.5198653), (100.5342897, 5.5196957), (100.5342236, 5.5196963)]","(100.5342574, 5.5197807999999995)",138.28851352687332
699087470,1500,building,,residential,"[(100.5341575, 5.5196969), (100.534159, 5.5198665), (100.5342251, 5.5198659), (100.5342236, 5.5196963), (100.5341575, 5.5196969)]","(100.5341913, 5.519781399999999)",138.28851338720804
699087471,1500,building,,residential,"[(100.5340312, 5.5196943), (100.5340327, 5.5198639), (100.5340988, 5.5198633), (100.5340972, 5.5196937), (100.5340312, 5.5196943)]","(100.534064975, 5.5197788)",138.18428689674965
699087472,1500,building,,residential,"[(100.5339651, 5.5196949), (100.5339666, 5.5198645), (100.5340327, 5.5198639), (100.5340312, 5.5196943), (100.5339651, 5.5196949)]","(100.5339989, 5.5197794)",138.28851386660605
699087473,1500,building,,residential,"[(100.533836, 5.5196916), (100.5338375, 5.5198612), (100.5339036, 5.5198607), (100.5339021, 5.519691), (100.533836, 5.5196916)]","(100.53386979999999, 5.519776125)",138.3283553122326
699087474,1500,building,,residential,"[(100.5337699, 5.5196922), (100.5337715, 5.5198618), (100.5338375, 5.5198612), (100.533836, 5.5196916), (100.5337699, 5.5196922)]","(100.533803725, 5.5197766999999995)",138.18428737391832
699087475,1500,building,,residential,"[(100.5336456, 5.5196923), (100.5336471, 5.5198619), (100.5337132, 5.5198613), (100.5337117, 5.5196917), (100.5336456, 5.5196923)]","(100.53367940000001, 5.5197768)",138.28851444670235
699087476,1500,building,,residential,"[(100.5335795, 5.5196929), (100.533581, 5.5198625), (100.5336471, 5.5198619), (100.5336456, 5.5196923), (100.5335795, 5.5196929)]","(100.5336133, 5.5197774)",138.28851430720533
699087477,1500,building,,residential,"[(100.5334525, 5.5196909), (100.533454, 5.5198606), (100.5335201, 5.51986), (100.5335185, 5.5196904), (100.5334525, 5.5196909)]","(100.533486275, 5.519775474999999)",138.22406664107092
699087478,1500,building,,residential,"[(100.5333864, 5.5196915), (100.5333879, 5.5198612), (100.533454, 5.5198606), (100.5334525, 5.5196909), (100.5333864, 5.5196915)]","(100.53342020000001, 5.519776050000001)",138.3700461693718
699087479,1500,building,,residential,"[(100.5332587, 5.5196903), (100.5332602, 5.5198599), (100.5333263, 5.5198593), (100.5333248, 5.5196897), (100.5332587, 5.5196903)]","(100.5332925, 5.5197748)",138.28851492600782
699087480,1500,building,,residential,"[(100.5331926, 5.5196909), (100.5331941, 5.5198605), (100.5332602, 5.5198599), (100.5332587, 5.5196903), (100.5331926, 5.5196909)]","(100.53322640000002, 5.5197754)",138.2885147875371
699087481,1500,building,,residential,"[(100.5330662, 5.5196896), (100.5330677, 5.5198592), (100.5331338, 5.5198587), (100.5331323, 5.519689), (100.5330662, 5.5196896)]","(100.53310000000002, 5.519774125)",138.32835572554993
699087482,1500,building,,residential,"[(100.5330001, 5.5196902), (100.5330017, 5.5198598), (100.5330677, 5.5198592), (100.5330662, 5.5196896), (100.5330001, 5.5196902)]","(100.533033925, 5.5197747)",138.18428786564914
699087483,1500,building,,residential,"[(100.5328014, 5.519693), (100.5328029, 5.5198626), (100.532869, 5.519862), (100.5328674, 5.5196924), (100.5328014, 5.519693)]","(100.532835175, 5.5197775)",138.1842872140461
699087484,1500,building,,residential,"[(100.5327353, 5.5196935), (100.5327368, 5.5198632), (100.5328029, 5.5198626), (100.5328014, 5.519693), (100.5327353, 5.5196935)]","(100.5327691, 5.519778075)",138.32835482994906
699087485,1500,building,,residential,"[(100.5326082, 5.5196963), (100.5326098, 5.5198659), (100.5326758, 5.5198653), (100.5326743, 5.5196957), (100.5326082, 5.5196963)]","(100.532642025, 5.5197807999999995)",138.18428644481025
699087486,1500,building,,residential,"[(100.5325422, 5.5196969), (100.5325437, 5.5198665), (100.5326098, 5.5198659), (100.5326082, 5.5196963), (100.5325422, 5.5196969)]","(100.53257597499999, 5.519781399999999)",138.18428629234947
699087487,1500,building,,residential,"[(100.5324158, 5.5196923), (100.5324173, 5.5198619), (100.5324834, 5.5198613), (100.5324819, 5.5196917), (100.5324158, 5.5196923)]","(100.53244959999999, 5.5197768)",138.28851445989326
699087488,1500,building,,residential,"[(100.5323497, 5.5196929), (100.5323512, 5.5198625), (100.5324173, 5.5198619), (100.5324158, 5.5196923), (100.5323497, 5.5196929)]","(100.53238350000001, 5.5197774)",138.28851433439473
699087489,1500,building,,residential,"[(100.5322207, 5.5196856), (100.5322222, 5.5198552), (100.5322883, 5.5198547), (100.5322867, 5.519685), (100.5322207, 5.5196856)]","(100.532254475, 5.519770125)",138.2240678883251
699087490,1500,building,,residential,"[(100.5321546, 5.5196862), (100.5321561, 5.5198558), (100.5322222, 5.5198552), (100.5322207, 5.5196856), (100.5321546, 5.5196862)]","(100.5321884, 5.5197707)",138.28851590948625
699087491,1500,building,,residential,"[(100.5320289, 5.5196856), (100.5320304, 5.5198552), (100.5320965, 5.5198547), (100.532095, 5.519685), (100.5320289, 5.5196856)]","(100.53206270000001, 5.519770125)",138.32835668469926
699087492,1500,building,,residential,"[(100.5319628, 5.5196862), (100.5319643, 5.5198558), (100.5320304, 5.5198552), (100.5320289, 5.5196856), (100.5319628, 5.5196862)]","(100.5319966, 5.5197707)",138.28851586956867
699087493,1500,building,,residential,"[(100.5318344, 5.5196843), (100.5318359, 5.5198539), (100.531902, 5.5198533), (100.5319005, 5.5196837), (100.5318344, 5.5196843)]","(100.5318682, 5.5197688)",138.28851633951936
699087494,1500,building,,residential,"[(100.5317683, 5.5196849), (100.5317699, 5.5198545), (100.5318359, 5.5198539), (100.5318344, 5.5196843), (100.5317683, 5.5196849)]","(100.53180212499998, 5.5197693999999995)",138.18428910251382
699087495,1500,building,,residential,"[(100.5315754, 5.519681), (100.5315769, 5.5198506), (100.531643, 5.5198501), (100.5316415, 5.5196804), (100.5315754, 5.519681)]","(100.53160919999999, 5.519765525)",138.32835773077554
699087496,1500,building,,residential,"[(100.5316415, 5.5196804), (100.531643, 5.5198501), (100.5317091, 5.5198495), (100.5317076, 5.5196798), (100.5316415, 5.5196804)]","(100.5316753, 5.51976495)",138.3700487331996
704275102,1500,building,,residential,"[(100.3933111, 5.4358977), (100.3933729, 5.4359008), (100.3933727, 5.4356792), (100.3933113, 5.4356785), (100.3933111, 5.4358977)]","(100.393342, 5.43578905)",167.4855300214221
704275103,1500,building,,residential,"[(100.3934308, 5.4356799), (100.3934336, 5.4359022), (100.3934922, 5.4359036), (100.3934941, 5.4356799), (100.3934308, 5.4356799)]","(100.393462675, 5.4357914)",167.66927857223897
704275104,1500,building,,residential,"[(100.3930037, 5.4358881), (100.3930692, 5.4358902), (100.393071, 5.4356763), (100.3930057, 5.4356749), (100.3930037, 5.4358881)]","(100.3930374, 5.4357823750000005)",172.33190980575353
704275105,1500,building,,residential,"[(100.392941, 5.4358645), (100.3929625, 5.4358868), (100.3930037, 5.4358881), (100.3930057, 5.4356749), (100.3929456, 5.4356741), (100.392941, 5.4358645)]","(100.3929717, 5.43579768)",158.8445081853185
704275106,1500,building,,residential,"[(100.3931291, 5.4356776), (100.3931303, 5.4358926), (100.3931883, 5.435894), (100.3931932, 5.4356777), (100.3931291, 5.4356776)]","(100.393160225, 5.435785475)",162.42986773223762
704275107,1500,building,,residential,"[(100.3930692, 5.4358902), (100.3931303, 5.4358926), (100.3931291, 5.4356776), (100.393071, 5.4356763), (100.3930692, 5.4358902)]","(100.39309990000001, 5.435784175)",157.67983664127397
704275108,1500,building,,residential,"[(100.3932494, 5.435896), (100.3933111, 5.4358977), (100.3933113, 5.4356785), (100.3932499, 5.4356778), (100.3932494, 5.435896)]","(100.393280425, 5.4357875)",166.06395666767523
704275109,1500,building,,residential,"[(100.3931883, 5.435894), (100.3932494, 5.435896), (100.3932499, 5.4356778), (100.3931932, 5.4356777), (100.3931883, 5.435894)]","(100.3932202, 5.435786375)",157.89060181849914
704275110,1500,building,,residential,"[(100.3933727, 5.4356792), (100.3933729, 5.4359008), (100.3934336, 5.4359022), (100.3934308, 5.4356799), (100.3933727, 5.4356792)]","(100.39340250000001, 5.435790525)",162.62027715143378
